,Prediction Interval(%),ICP,MIL
0,90,0.911534,0.032645
1,80,0.819385,0.022541
2,60,0.621850,0.013387
3,40,0.421799,0.008119
4,20,0.221858,0.004046
