,Crossing Loss,No. of Crosses,Tilted Loss,MSE,RMSE,MAE,Correct Sign (%)
0,0.0000108708,0.1447325238,0.0244234883,0.0001091992,0.0104498444,0.0070619709,49.409861
