,Crossing Loss,No. of Crosses,Tilted Loss,MSE,RMSE,MAE,Correct Sign (%)
0,0.0035581141,6.1111111111,0.0243762990,0.0001095007,0.0104642585,0.0070656654,48.711255
