,epoch,train loss,valid loss
0,5,0.0843874648,0.0564434566
1,10,0.0462424765,0.0286925468
2,15,0.0376296160,0.0256259526
3,20,0.0345945597,0.0249440903
4,25,0.0331837825,0.0246254648
5,30,0.0325194466,0.0245314459
6,35,0.0320519624,0.0245622409
7,40,0.0316785324,0.0245750002
8,45,0.0313933747,0.0245943658
9,50,0.0311816529,0.0245918802
