,Prediction Interval(%),ICP,MIL
0,90,0.913977,0.032754
1,80,0.826496,0.022995
2,60,0.623455,0.013493
3,40,0.409328,0.007896
4,20,0.182001,0.003396
