,Crossing Loss,No. of Crosses,Tilted Loss,MSE,RMSE,MAE,Correct Sign (%)
0,0.0009673582,6.2156219232,0.0248876447,0.0001147551,0.0107123824,0.0073262202,49.858440
