,Crossing Loss,No. of Crosses,Tilted Loss,MSE,RMSE,MAE,Correct Sign (%)
0,1.0300818454,897.0000000000,0.0245820314,0.0001100332,0.0104896696,0.0070986627,49.604736
