,Prediction Interval(%),ICP,MIL
0,90,0.901871,0.031765
1,80,0.821208,0.023040
2,60,0.621413,0.013668
3,40,0.442329,0.008778
4,20,0.216023,0.004008
