,Prediction Interval(%),ICP,MIL
0,90,0.903840,0.033649
1,80,0.803121,0.022552
2,60,0.605404,0.013350
3,40,0.383182,0.007634
4,20,0.181891,0.003564
